"ref_area","ref_area.label","source","source.label","indicator","indicator.label","sex","sex.label","classif1","classif1.label","time","obs_value","obs_status","obs_status.label","note_classif","note_classif.label","note_indicator","note_indicator.label","note_source","note_source.label"
"FRA","France","BA:148","LFS - Employment Survey","EMP_5WAP_SEX_AGE_RT","Employment-to-population ratio by sex and age -- 19th ICLS (%)","SEX_T","Total","AGE_YTHADULT_YGE15","Age (Youth, adults): 15+","2024Q4",52.07,,,,,"I12:415","Frequency: Quarterly","R1:3513","Repository: ILO-STATISTICS - Micro data processing"
"FRA","France","BA:148","LFS - Employment Survey","EMP_5WAP_SEX_AGE_RT","Employment-to-population ratio by sex and age -- 19th ICLS (%)","SEX_T","Total","AGE_YTHADULT_Y15-24","Age (Youth, adults): 15-24","2024Q4",32.665,,,,,"I12:415","Frequency: Quarterly","R1:3513","Repository: ILO-STATISTICS - Micro data processing"
"FRA","France","BA:148","LFS - Employment Survey","EMP_5WAP_SEX_AGE_RT","Employment-to-population ratio by sex and age -- 19th ICLS (%)","SEX_T","Total","AGE_YTHADULT_YGE25","Age (Youth, adults): 25+","2024Q4",55.293,,,,,"I12:415","Frequency: Quarterly","R1:3513","Repository: ILO-STATISTICS - Micro data processing"
"FRA","France","BA:148","LFS - Employment Survey","EMP_5WAP_SEX_AGE_RT","Employment-to-population ratio by sex and age -- 19th ICLS (%)","SEX_M","Male","AGE_YTHADULT_YGE15","Age (Youth, adults): 15+","2024Q4",55.556,,,,,"I12:415","Frequency: Quarterly","R1:3513","Repository: ILO-STATISTICS - Micro data processing"
"FRA","France","BA:148","LFS - Employment Survey","EMP_5WAP_SEX_AGE_RT","Employment-to-population ratio by sex and age -- 19th ICLS (%)","SEX_M","Male","AGE_YTHADULT_Y15-24","Age (Youth, adults): 15-24","2024Q4",34.497,,,,,"I12:415","Frequency: Quarterly","R1:3513","Repository: ILO-STATISTICS - Micro data processing"
"FRA","France","BA:148","LFS - Employment Survey","EMP_5WAP_SEX_AGE_RT","Employment-to-population ratio by sex and age -- 19th ICLS (%)","SEX_M","Male","AGE_YTHADULT_YGE25","Age (Youth, adults): 25+","2024Q4",59.312,,,,,"I12:415","Frequency: Quarterly","R1:3513","Repository: ILO-STATISTICS - Micro data processing"
"FRA","France","BA:148","LFS - Employment Survey","EMP_5WAP_SEX_AGE_RT","Employment-to-population ratio by sex and age -- 19th ICLS (%)","SEX_F","Female","AGE_YTHADULT_YGE15","Age (Youth, adults): 15+","2024Q4",48.867,,,,,"I12:415","Frequency: Quarterly","R1:3513","Repository: ILO-STATISTICS - Micro data processing"
"FRA","France","BA:148","LFS - Employment Survey","EMP_5WAP_SEX_AGE_RT","Employment-to-population ratio by sex and age -- 19th ICLS (%)","SEX_F","Female","AGE_YTHADULT_Y15-24","Age (Youth, adults): 15-24","2024Q4",30.766,,,,,"I12:415","Frequency: Quarterly","R1:3513","Repository: ILO-STATISTICS - Micro data processing"
"FRA","France","BA:148","LFS - Employment Survey","EMP_5WAP_SEX_AGE_RT","Employment-to-population ratio by sex and age -- 19th ICLS (%)","SEX_F","Female","AGE_YTHADULT_YGE25","Age (Youth, adults): 25+","2024Q4",51.673,,,,,"I12:415","Frequency: Quarterly","R1:3513","Repository: ILO-STATISTICS - Micro data processing"
"FRA","France","BA:148","LFS - Employment Survey","EMP_5WAP_SEX_AGE_RT","Employment-to-population ratio by sex and age -- 19th ICLS (%)","SEX_T","Total","AGE_YTHADULT_YGE15","Age (Youth, adults): 15+","2024Q3",52.661,,,,,"I12:415","Frequency: Quarterly","R1:3513","Repository: ILO-STATISTICS - Micro data processing"
"FRA","France","BA:148","LFS - Employment Survey","EMP_5WAP_SEX_AGE_RT","Employment-to-population ratio by sex and age -- 19th ICLS (%)","SEX_T","Total","AGE_YTHADULT_Y15-24","Age (Youth, adults): 15-24","2024Q3",34.343,,,,,"I12:415","Frequency: Quarterly","R1:3513","Repository: ILO-STATISTICS - Micro data processing"
"FRA","France","BA:148","LFS - Employment Survey","EMP_5WAP_SEX_AGE_RT","Employment-to-population ratio by sex and age -- 19th ICLS (%)","SEX_T","Total","AGE_YTHADULT_YGE25","Age (Youth, adults): 25+","2024Q3",55.618,,,,,"I12:415","Frequency: Quarterly","R1:3513","Repository: ILO-STATISTICS - Micro data processing"
"FRA","France","BA:148","LFS - Employment Survey","EMP_5WAP_SEX_AGE_RT","Employment-to-population ratio by sex and age -- 19th ICLS (%)","SEX_M","Male","AGE_YTHADULT_YGE15","Age (Youth, adults): 15+","2024Q3",56.385,,,,,"I12:415","Frequency: Quarterly","R1:3513","Repository: ILO-STATISTICS - Micro data processing"
"FRA","France","BA:148","LFS - Employment Survey","EMP_5WAP_SEX_AGE_RT","Employment-to-population ratio by sex and age -- 19th ICLS (%)","SEX_M","Male","AGE_YTHADULT_Y15-24","Age (Youth, adults): 15-24","2024Q3",36.772,,,,,"I12:415","Frequency: Quarterly","R1:3513","Repository: ILO-STATISTICS - Micro data processing"
"FRA","France","BA:148","LFS - Employment Survey","EMP_5WAP_SEX_AGE_RT","Employment-to-population ratio by sex and age -- 19th ICLS (%)","SEX_M","Male","AGE_YTHADULT_YGE25","Age (Youth, adults): 25+","2024Q3",59.783,,,,,"I12:415","Frequency: Quarterly","R1:3513","Repository: ILO-STATISTICS - Micro data processing"
"FRA","France","BA:148","LFS - Employment Survey","EMP_5WAP_SEX_AGE_RT","Employment-to-population ratio by sex and age -- 19th ICLS (%)","SEX_F","Female","AGE_YTHADULT_YGE15","Age (Youth, adults): 15+","2024Q3",49.241,,,,,"I12:415","Frequency: Quarterly","R1:3513","Repository: ILO-STATISTICS - Micro data processing"
"FRA","France","BA:148","LFS - Employment Survey","EMP_5WAP_SEX_AGE_RT","Employment-to-population ratio by sex and age -- 19th ICLS (%)","SEX_F","Female","AGE_YTHADULT_Y15-24","Age (Youth, adults): 15-24","2024Q3",31.826,,,,,"I12:415","Frequency: Quarterly","R1:3513","Repository: ILO-STATISTICS - Micro data processing"
"FRA","France","BA:148","LFS - Employment Survey","EMP_5WAP_SEX_AGE_RT","Employment-to-population ratio by sex and age -- 19th ICLS (%)","SEX_F","Female","AGE_YTHADULT_YGE25","Age (Youth, adults): 25+","2024Q3",51.867,,,,,"I12:415","Frequency: Quarterly","R1:3513","Repository: ILO-STATISTICS - Micro data processing"
"FRA","France","BA:148","LFS - Employment Survey","EMP_5WAP_SEX_AGE_RT","Employment-to-population ratio by sex and age -- 19th ICLS (%)","SEX_T","Total","AGE_YTHADULT_YGE15","Age (Youth, adults): 15+","2024Q2",52.597,,,,,"I12:415","Frequency: Quarterly","R1:3513","Repository: ILO-STATISTICS - Micro data processing"
"FRA","France","BA:148","LFS - Employment Survey","EMP_5WAP_SEX_AGE_RT","Employment-to-population ratio by sex and age -- 19th ICLS (%)","SEX_T","Total","AGE_YTHADULT_Y15-24","Age (Youth, adults): 15-24","2024Q2",32.461,,,,,"I12:415","Frequency: Quarterly","R1:3513","Repository: ILO-STATISTICS - Micro data processing"
"FRA","France","BA:148","LFS - Employment Survey","EMP_5WAP_SEX_AGE_RT","Employment-to-population ratio by sex and age -- 19th ICLS (%)","SEX_T","Total","AGE_YTHADULT_YGE25","Age (Youth, adults): 25+","2024Q2",55.756,,,,,"I12:415","Frequency: Quarterly","R1:3513","Repository: ILO-STATISTICS - Micro data processing"
"FRA","France","BA:148","LFS - Employment Survey","EMP_5WAP_SEX_AGE_RT","Employment-to-population ratio by sex and age -- 19th ICLS (%)","SEX_M","Male","AGE_YTHADULT_YGE15","Age (Youth, adults): 15+","2024Q2",56.302,,,,,"I12:415","Frequency: Quarterly","R1:3513","Repository: ILO-STATISTICS - Micro data processing"
"FRA","France","BA:148","LFS - Employment Survey","EMP_5WAP_SEX_AGE_RT","Employment-to-population ratio by sex and age -- 19th ICLS (%)","SEX_M","Male","AGE_YTHADULT_Y15-24","Age (Youth, adults): 15-24","2024Q2",35.011,,,,,"I12:415","Frequency: Quarterly","R1:3513","Repository: ILO-STATISTICS - Micro data processing"
"FRA","France","BA:148","LFS - Employment Survey","EMP_5WAP_SEX_AGE_RT","Employment-to-population ratio by sex and age -- 19th ICLS (%)","SEX_M","Male","AGE_YTHADULT_YGE25","Age (Youth, adults): 25+","2024Q2",59.866,,,,,"I12:415","Frequency: Quarterly","R1:3513","Repository: ILO-STATISTICS - Micro data processing"
"FRA","France","BA:148","LFS - Employment Survey","EMP_5WAP_SEX_AGE_RT","Employment-to-population ratio by sex and age -- 19th ICLS (%)","SEX_F","Female","AGE_YTHADULT_YGE15","Age (Youth, adults): 15+","2024Q2",49.194,,,,,"I12:415","Frequency: Quarterly","R1:3513","Repository: ILO-STATISTICS - Micro data processing"
"FRA","France","BA:148","LFS - Employment Survey","EMP_5WAP_SEX_AGE_RT","Employment-to-population ratio by sex and age -- 19th ICLS (%)","SEX_F","Female","AGE_YTHADULT_Y15-24","Age (Youth, adults): 15-24","2024Q2",29.846,,,,,"I12:415","Frequency: Quarterly","R1:3513","Repository: ILO-STATISTICS - Micro data processing"
"FRA","France","BA:148","LFS - Employment Survey","EMP_5WAP_SEX_AGE_RT","Employment-to-population ratio by sex and age -- 19th ICLS (%)","SEX_F","Female","AGE_YTHADULT_YGE25","Age (Youth, adults): 25+","2024Q2",52.046,,,,,"I12:415","Frequency: Quarterly","R1:3513","Repository: ILO-STATISTICS - Micro data processing"
"FRA","France","BA:148","LFS - Employment Survey","EMP_5WAP_SEX_AGE_RT","Employment-to-population ratio by sex and age -- 19th ICLS (%)","SEX_T","Total","AGE_YTHADULT_YGE15","Age (Youth, adults): 15+","2024Q1",52.08,,,,,"I12:415","Frequency: Quarterly","R1:3513","Repository: ILO-STATISTICS - Micro data processing"
"FRA","France","BA:148","LFS - Employment Survey","EMP_5WAP_SEX_AGE_RT","Employment-to-population ratio by sex and age -- 19th ICLS (%)","SEX_T","Total","AGE_YTHADULT_Y15-24","Age (Youth, adults): 15-24","2024Q1",30.661,,,,,"I12:415","Frequency: Quarterly","R1:3513","Repository: ILO-STATISTICS - Micro data processing"
"FRA","France","BA:148","LFS - Employment Survey","EMP_5WAP_SEX_AGE_RT","Employment-to-population ratio by sex and age -- 19th ICLS (%)","SEX_T","Total","AGE_YTHADULT_YGE25","Age (Youth, adults): 25+","2024Q1",55.357,,,,,"I12:415","Frequency: Quarterly","R1:3513","Repository: ILO-STATISTICS - Micro data processing"
"FRA","France","BA:148","LFS - Employment Survey","EMP_5WAP_SEX_AGE_RT","Employment-to-population ratio by sex and age -- 19th ICLS (%)","SEX_M","Male","AGE_YTHADULT_YGE15","Age (Youth, adults): 15+","2024Q1",55.609,,,,,"I12:415","Frequency: Quarterly","R1:3513","Repository: ILO-STATISTICS - Micro data processing"
"FRA","France","BA:148","LFS - Employment Survey","EMP_5WAP_SEX_AGE_RT","Employment-to-population ratio by sex and age -- 19th ICLS (%)","SEX_M","Male","AGE_YTHADULT_Y15-24","Age (Youth, adults): 15-24","2024Q1",32.507,,,,,"I12:415","Frequency: Quarterly","R1:3513","Repository: ILO-STATISTICS - Micro data processing"
"FRA","France","BA:148","LFS - Employment Survey","EMP_5WAP_SEX_AGE_RT","Employment-to-population ratio by sex and age -- 19th ICLS (%)","SEX_M","Male","AGE_YTHADULT_YGE25","Age (Youth, adults): 25+","2024Q1",59.394,,,,,"I12:415","Frequency: Quarterly","R1:3513","Repository: ILO-STATISTICS - Micro data processing"
"FRA","France","BA:148","LFS - Employment Survey","EMP_5WAP_SEX_AGE_RT","Employment-to-population ratio by sex and age -- 19th ICLS (%)","SEX_F","Female","AGE_YTHADULT_YGE15","Age (Youth, adults): 15+","2024Q1",48.84,,,,,"I12:415","Frequency: Quarterly","R1:3513","Repository: ILO-STATISTICS - Micro data processing"
"FRA","France","BA:148","LFS - Employment Survey","EMP_5WAP_SEX_AGE_RT","Employment-to-population ratio by sex and age -- 19th ICLS (%)","SEX_F","Female","AGE_YTHADULT_Y15-24","Age (Youth, adults): 15-24","2024Q1",28.755,,,,,"I12:415","Frequency: Quarterly","R1:3513","Repository: ILO-STATISTICS - Micro data processing"
"FRA","France","BA:148","LFS - Employment Survey","EMP_5WAP_SEX_AGE_RT","Employment-to-population ratio by sex and age -- 19th ICLS (%)","SEX_F","Female","AGE_YTHADULT_YGE25","Age (Youth, adults): 25+","2024Q1",51.715,,,,,"I12:415","Frequency: Quarterly","R1:3513","Repository: ILO-STATISTICS - Micro data processing"
"FRA","France","BA:148","LFS - Employment Survey","EMP_5WAP_SEX_AGE_RT","Employment-to-population ratio by sex and age -- 19th ICLS (%)","SEX_T","Total","AGE_YTHADULT_YGE15","Age (Youth, adults): 15+","2023Q4",52.054,,,,,"I12:415","Frequency: Quarterly","R1:3513","Repository: ILO-STATISTICS - Micro data processing"
"FRA","France","BA:148","LFS - Employment Survey","EMP_5WAP_SEX_AGE_RT","Employment-to-population ratio by sex and age -- 19th ICLS (%)","SEX_T","Total","AGE_YTHADULT_Y15-24","Age (Youth, adults): 15-24","2023Q4",34.572,,,,,"I12:415","Frequency: Quarterly","R1:3513","Repository: ILO-STATISTICS - Micro data processing"
"FRA","France","BA:148","LFS - Employment Survey","EMP_5WAP_SEX_AGE_RT","Employment-to-population ratio by sex and age -- 19th ICLS (%)","SEX_T","Total","AGE_YTHADULT_YGE25","Age (Youth, adults): 25+","2023Q4",54.963,,,,,"I12:415","Frequency: Quarterly","R1:3513","Repository: ILO-STATISTICS - Micro data processing"
"FRA","France","BA:148","LFS - Employment Survey","EMP_5WAP_SEX_AGE_RT","Employment-to-population ratio by sex and age -- 19th ICLS (%)","SEX_M","Male","AGE_YTHADULT_YGE15","Age (Youth, adults): 15+","2023Q4",55.457,,,,,"I12:415","Frequency: Quarterly","R1:3513","Repository: ILO-STATISTICS - Micro data processing"
"FRA","France","BA:148","LFS - Employment Survey","EMP_5WAP_SEX_AGE_RT","Employment-to-population ratio by sex and age -- 19th ICLS (%)","SEX_M","Male","AGE_YTHADULT_Y15-24","Age (Youth, adults): 15-24","2023Q4",36.269,,,,,"I12:415","Frequency: Quarterly","R1:3513","Repository: ILO-STATISTICS - Micro data processing"
"FRA","France","BA:148","LFS - Employment Survey","EMP_5WAP_SEX_AGE_RT","Employment-to-population ratio by sex and age -- 19th ICLS (%)","SEX_M","Male","AGE_YTHADULT_YGE25","Age (Youth, adults): 25+","2023Q4",58.894,,,,,"I12:415","Frequency: Quarterly","R1:3513","Repository: ILO-STATISTICS - Micro data processing"
"FRA","France","BA:148","LFS - Employment Survey","EMP_5WAP_SEX_AGE_RT","Employment-to-population ratio by sex and age -- 19th ICLS (%)","SEX_F","Female","AGE_YTHADULT_YGE15","Age (Youth, adults): 15+","2023Q4",48.936,,,,,"I12:415","Frequency: Quarterly","R1:3513","Repository: ILO-STATISTICS - Micro data processing"
"FRA","France","BA:148","LFS - Employment Survey","EMP_5WAP_SEX_AGE_RT","Employment-to-population ratio by sex and age -- 19th ICLS (%)","SEX_F","Female","AGE_YTHADULT_Y15-24","Age (Youth, adults): 15-24","2023Q4",32.812,,,,,"I12:415","Frequency: Quarterly","R1:3513","Repository: ILO-STATISTICS - Micro data processing"
"FRA","France","BA:148","LFS - Employment Survey","EMP_5WAP_SEX_AGE_RT","Employment-to-population ratio by sex and age -- 19th ICLS (%)","SEX_F","Female","AGE_YTHADULT_YGE25","Age (Youth, adults): 25+","2023Q4",51.436,,,,,"I12:415","Frequency: Quarterly","R1:3513","Repository: ILO-STATISTICS - Micro data processing"
"FRA","France","BA:148","LFS - Employment Survey","EMP_5WAP_SEX_AGE_RT","Employment-to-population ratio by sex and age -- 19th ICLS (%)","SEX_T","Total","AGE_YTHADULT_YGE15","Age (Youth, adults): 15+","2023Q3",52.263,,,,,"I12:415","Frequency: Quarterly","R1:3513","Repository: ILO-STATISTICS - Micro data processing"
"FRA","France","BA:148","LFS - Employment Survey","EMP_5WAP_SEX_AGE_RT","Employment-to-population ratio by sex and age -- 19th ICLS (%)","SEX_T","Total","AGE_YTHADULT_Y15-24","Age (Youth, adults): 15-24","2023Q3",35.579,,,,,"I12:415","Frequency: Quarterly","R1:3513","Repository: ILO-STATISTICS - Micro data processing"
"FRA","France","BA:148","LFS - Employment Survey","EMP_5WAP_SEX_AGE_RT","Employment-to-population ratio by sex and age -- 19th ICLS (%)","SEX_T","Total","AGE_YTHADULT_YGE25","Age (Youth, adults): 25+","2023Q3",54.966,,,,,"I12:415","Frequency: Quarterly","R1:3513","Repository: ILO-STATISTICS - Micro data processing"
"FRA","France","BA:148","LFS - Employment Survey","EMP_5WAP_SEX_AGE_RT","Employment-to-population ratio by sex and age -- 19th ICLS (%)","SEX_M","Male","AGE_YTHADULT_YGE15","Age (Youth, adults): 15+","2023Q3",55.878,,,,,"I12:415","Frequency: Quarterly","R1:3513","Repository: ILO-STATISTICS - Micro data processing"
"FRA","France","BA:148","LFS - Employment Survey","EMP_5WAP_SEX_AGE_RT","Employment-to-population ratio by sex and age -- 19th ICLS (%)","SEX_M","Male","AGE_YTHADULT_Y15-24","Age (Youth, adults): 15-24","2023Q3",37.211,,,,,"I12:415","Frequency: Quarterly","R1:3513","Repository: ILO-STATISTICS - Micro data processing"
"FRA","France","BA:148","LFS - Employment Survey","EMP_5WAP_SEX_AGE_RT","Employment-to-population ratio by sex and age -- 19th ICLS (%)","SEX_M","Male","AGE_YTHADULT_YGE25","Age (Youth, adults): 25+","2023Q3",59.138,,,,,"I12:415","Frequency: Quarterly","R1:3513","Repository: ILO-STATISTICS - Micro data processing"
"FRA","France","BA:148","LFS - Employment Survey","EMP_5WAP_SEX_AGE_RT","Employment-to-population ratio by sex and age -- 19th ICLS (%)","SEX_F","Female","AGE_YTHADULT_YGE15","Age (Youth, adults): 15+","2023Q3",48.953,,,,,"I12:415","Frequency: Quarterly","R1:3513","Repository: ILO-STATISTICS - Micro data processing"
"FRA","France","BA:148","LFS - Employment Survey","EMP_5WAP_SEX_AGE_RT","Employment-to-population ratio by sex and age -- 19th ICLS (%)","SEX_F","Female","AGE_YTHADULT_Y15-24","Age (Youth, adults): 15-24","2023Q3",33.881,,,,,"I12:415","Frequency: Quarterly","R1:3513","Repository: ILO-STATISTICS - Micro data processing"
"FRA","France","BA:148","LFS - Employment Survey","EMP_5WAP_SEX_AGE_RT","Employment-to-population ratio by sex and age -- 19th ICLS (%)","SEX_F","Female","AGE_YTHADULT_YGE25","Age (Youth, adults): 25+","2023Q3",51.223,,,,,"I12:415","Frequency: Quarterly","R1:3513","Repository: ILO-STATISTICS - Micro data processing"
"FRA","France","BA:148","LFS - Employment Survey","EMP_5WAP_SEX_AGE_RT","Employment-to-population ratio by sex and age -- 19th ICLS (%)","SEX_T","Total","AGE_YTHADULT_YGE15","Age (Youth, adults): 15+","2023Q2",52.386,,,,,"I12:415","Frequency: Quarterly","R1:3513","Repository: ILO-STATISTICS - Micro data processing"
"FRA","France","BA:148","LFS - Employment Survey","EMP_5WAP_SEX_AGE_RT","Employment-to-population ratio by sex and age -- 19th ICLS (%)","SEX_T","Total","AGE_YTHADULT_Y15-24","Age (Youth, adults): 15-24","2023Q2",32.656,,,,,"I12:415","Frequency: Quarterly","R1:3513","Repository: ILO-STATISTICS - Micro data processing"
"FRA","France","BA:148","LFS - Employment Survey","EMP_5WAP_SEX_AGE_RT","Employment-to-population ratio by sex and age -- 19th ICLS (%)","SEX_T","Total","AGE_YTHADULT_YGE25","Age (Youth, adults): 25+","2023Q2",55.484,,,,,"I12:415","Frequency: Quarterly","R1:3513","Repository: ILO-STATISTICS - Micro data processing"
"FRA","France","BA:148","LFS - Employment Survey","EMP_5WAP_SEX_AGE_RT","Employment-to-population ratio by sex and age -- 19th ICLS (%)","SEX_M","Male","AGE_YTHADULT_YGE15","Age (Youth, adults): 15+","2023Q2",55.729,,,,,"I12:415","Frequency: Quarterly","R1:3513","Repository: ILO-STATISTICS - Micro data processing"
"FRA","France","BA:148","LFS - Employment Survey","EMP_5WAP_SEX_AGE_RT","Employment-to-population ratio by sex and age -- 19th ICLS (%)","SEX_M","Male","AGE_YTHADULT_Y15-24","Age (Youth, adults): 15-24","2023Q2",34.217,,,,,"I12:415","Frequency: Quarterly","R1:3513","Repository: ILO-STATISTICS - Micro data processing"
"FRA","France","BA:148","LFS - Employment Survey","EMP_5WAP_SEX_AGE_RT","Employment-to-population ratio by sex and age -- 19th ICLS (%)","SEX_M","Male","AGE_YTHADULT_YGE25","Age (Youth, adults): 25+","2023Q2",59.376,,,,,"I12:415","Frequency: Quarterly","R1:3513","Repository: ILO-STATISTICS - Micro data processing"
"FRA","France","BA:148","LFS - Employment Survey","EMP_5WAP_SEX_AGE_RT","Employment-to-population ratio by sex and age -- 19th ICLS (%)","SEX_F","Female","AGE_YTHADULT_YGE15","Age (Youth, adults): 15+","2023Q2",49.324,,,,,"I12:415","Frequency: Quarterly","R1:3513","Repository: ILO-STATISTICS - Micro data processing"
"FRA","France","BA:148","LFS - Employment Survey","EMP_5WAP_SEX_AGE_RT","Employment-to-population ratio by sex and age -- 19th ICLS (%)","SEX_F","Female","AGE_YTHADULT_Y15-24","Age (Youth, adults): 15-24","2023Q2",31.028,,,,,"I12:415","Frequency: Quarterly","R1:3513","Repository: ILO-STATISTICS - Micro data processing"
"FRA","France","BA:148","LFS - Employment Survey","EMP_5WAP_SEX_AGE_RT","Employment-to-population ratio by sex and age -- 19th ICLS (%)","SEX_F","Female","AGE_YTHADULT_YGE25","Age (Youth, adults): 25+","2023Q2",51.992,,,,,"I12:415","Frequency: Quarterly","R1:3513","Repository: ILO-STATISTICS - Micro data processing"
"FRA","France","BA:148","LFS - Employment Survey","EMP_5WAP_SEX_AGE_RT","Employment-to-population ratio by sex and age -- 19th ICLS (%)","SEX_T","Total","AGE_YTHADULT_YGE15","Age (Youth, adults): 15+","2023Q1",52.042,,,,,"I12:415","Frequency: Quarterly","R1:3513","Repository: ILO-STATISTICS - Micro data processing"
"FRA","France","BA:148","LFS - Employment Survey","EMP_5WAP_SEX_AGE_RT","Employment-to-population ratio by sex and age -- 19th ICLS (%)","SEX_T","Total","AGE_YTHADULT_Y15-24","Age (Youth, adults): 15-24","2023Q1",31.012,,,,,"I12:415","Frequency: Quarterly","R1:3513","Repository: ILO-STATISTICS - Micro data processing"
"FRA","France","BA:148","LFS - Employment Survey","EMP_5WAP_SEX_AGE_RT","Employment-to-population ratio by sex and age -- 19th ICLS (%)","SEX_T","Total","AGE_YTHADULT_YGE25","Age (Youth, adults): 25+","2023Q1",55.254,,,,,"I12:415","Frequency: Quarterly","R1:3513","Repository: ILO-STATISTICS - Micro data processing"
"FRA","France","BA:148","LFS - Employment Survey","EMP_5WAP_SEX_AGE_RT","Employment-to-population ratio by sex and age -- 19th ICLS (%)","SEX_M","Male","AGE_YTHADULT_YGE15","Age (Youth, adults): 15+","2023Q1",55.539,,,,,"I12:415","Frequency: Quarterly","R1:3513","Repository: ILO-STATISTICS - Micro data processing"
"FRA","France","BA:148","LFS - Employment Survey","EMP_5WAP_SEX_AGE_RT","Employment-to-population ratio by sex and age -- 19th ICLS (%)","SEX_M","Male","AGE_YTHADULT_Y15-24","Age (Youth, adults): 15-24","2023Q1",33.241,,,,,"I12:415","Frequency: Quarterly","R1:3513","Repository: ILO-STATISTICS - Micro data processing"
"FRA","France","BA:148","LFS - Employment Survey","EMP_5WAP_SEX_AGE_RT","Employment-to-population ratio by sex and age -- 19th ICLS (%)","SEX_M","Male","AGE_YTHADULT_YGE25","Age (Youth, adults): 25+","2023Q1",59.228,,,,,"I12:415","Frequency: Quarterly","R1:3513","Repository: ILO-STATISTICS - Micro data processing"
"FRA","France","BA:148","LFS - Employment Survey","EMP_5WAP_SEX_AGE_RT","Employment-to-population ratio by sex and age -- 19th ICLS (%)","SEX_F","Female","AGE_YTHADULT_YGE15","Age (Youth, adults): 15+","2023Q1",48.84,,,,,"I12:415","Frequency: Quarterly","R1:3513","Repository: ILO-STATISTICS - Micro data processing"
"FRA","France","BA:148","LFS - Employment Survey","EMP_5WAP_SEX_AGE_RT","Employment-to-population ratio by sex and age -- 19th ICLS (%)","SEX_F","Female","AGE_YTHADULT_Y15-24","Age (Youth, adults): 15-24","2023Q1",28.672,,,,,"I12:415","Frequency: Quarterly","R1:3513","Repository: ILO-STATISTICS - Micro data processing"
"FRA","France","BA:148","LFS - Employment Survey","EMP_5WAP_SEX_AGE_RT","Employment-to-population ratio by sex and age -- 19th ICLS (%)","SEX_F","Female","AGE_YTHADULT_YGE25","Age (Youth, adults): 25+","2023Q1",51.691,,,,,"I12:415","Frequency: Quarterly","R1:3513","Repository: ILO-STATISTICS - Micro data processing"
